{"ADAUSD_otc":{"time":1769857380,"open":0.32996,"high":0.32996,"low":0.32993,"close":0.32993},"ARBUSD_otc":{"time":1769857380,"open":0.16799,"high":0.16799,"low":0.16797,"close":0.16799},"ATOUSD_otc":{"time":1769857380,"open":2.425,"high":2.426,"low":2.425,"close":2.426},"AUDCAD_otc":{"time":1769857380,"open":0.94728,"high":0.94729,"low":0.94728,"close":0.94729},"AUDCHF_otc":{"time":1769856960,"open":0.53032,"high":0.53033,"low":0.53032,"close":0.53033},"AUDJPY_otc":{"time":1769857380,"open":106.584,"high":106.588,"low":106.584,"close":106.588},"AUDNZD_otc":{"time":1769857380,"open":1.15961,"high":1.15976,"low":1.15961,"close":1.15976},"AUDUSD_otc":{"time":1769857380,"open":0.71376,"high":0.7138,"low":0.71376,"close":0.7138},"AVAUSD_otc":{"time":1769857380,"open":11.487,"high":11.489,"low":11.486,"close":11.486},"AXP_otc":{"time":1769857380,"open":128.947,"high":128.947,"low":128.945,"close":128.945},"AXSUSD_otc":{"time":1769857380,"open":2.2926,"high":2.2926,"low":2.2919,"close":2.2919},"BA_otc":{"time":1769857380,"open":417.66,"high":417.83,"low":417.66,"close":417.83},"BCHUSD_otc":{"time":1769857380,"open":553.44,"high":553.47,"low":553.41,"close":553.41},"BONUSD_otc":{"time":1769857380,"open":0.00000569,"high":0.0000057,"low":0.00000568,"close":0.0000057},"BRLUSD_otc":{"time":1769857380,"open":0.1683,"high":0.16834,"low":0.16825,"close":0.16825},"BTCUSD_otc":{"time":1769857380,"open":87428.08,"high":87429.82,"low":87427.58,"close":87427.58},"CADCHF_otc":{"time":1769857380,"open":0.66858,"high":0.66876,"low":0.66855,"close":0.66876},"CADJPY_otc":{"time":1769857380,"open":115.538,"high":115.538,"low":115.533,"close":115.533},"DOGUSD_otc":{"time":1769857380,"open":0.11561,"high":0.11561,"low":0.11557,"close":0.11557},"ETCUSD_otc":{"time":1769857380,"open":7.773,"high":7.773,"low":7.772,"close":7.772},"EURAUD_otc":{"time":1769857380,"open":1.70264,"high":1.70271,"low":1.70264,"close":1.70271},"EURCAD_otc":{"time":1769857380,"open":1.61345,"high":1.61349,"low":1.61345,"close":1.61347},"EURCHF_otc":{"time":1769857380,"open":0.91545,"high":0.91552,"low":0.91545,"close":0.91552},"EURJPY_otc":{"time":1769857380,"open":184.542,"high":184.542,"low":184.54,"close":184.541},"EURSGD_otc":{"time":1769857380,"open":1.51146,"high":1.51146,"low":1.51146,"close":1.51146},"EURUSD_otc":{"time":1769857380,"open":1.19548,"high":1.1955,"low":1.19548,"close":1.1955},"FB_otc":{"time":1769857380,"open":361.75,"high":361.79,"low":361.75,"close":361.79},"GBPAUD_otc":{"time":1769857380,"open":1.97898,"high":1.97898,"low":1.97896,"close":1.97898},"GBPCHF_otc":{"time":1769857380,"open":1.0359,"high":1.0359,"low":1.03581,"close":1.03581},"GBPJPY_otc":{"time":1769857380,"open":212.496,"high":212.498,"low":212.488,"close":212.488},"GBPNZD_otc":{"time":1769857380,"open":1.90126,"high":1.90126,"low":1.90102,"close":1.90102},"INTC_otc":{"time":1769857380,"open":22.94,"high":22.94,"low":22.938,"close":22.938},"JNJ_otc":{"time":1769857380,"open":170.481,"high":170.481,"low":170.469,"close":170.469},"LINUSD_otc":{"time":1769857380,"open":10.151,"high":10.151,"low":10.146,"close":10.146},"LTCUSD_otc":{"time":1769857380,"open":91.5,"high":91.5,"low":91.48,"close":91.48},"MELUSD_otc":{"time":1769857380,"open":0.11207,"high":0.1121,"low":0.11207,"close":0.1121},"MSFT_otc":{"time":1769857380,"open":349.574,"high":349.576,"low":349.574,"close":349.576},"NZDCAD_otc":{"time":1769857380,"open":0.83112,"high":0.83112,"low":0.83112,"close":0.83112},"NZDCHF_otc":{"time":1769857380,"open":0.47218,"high":0.47224,"low":0.47214,"close":0.47214},"NZDJPY_otc":{"time":1769857380,"open":92.807,"high":92.809,"low":92.807,"close":92.809},"BEAUSD_otc":{"time":1769857380,"open":0.002047,"high":0.002047,"low":0.002047,"close":0.002047},"BNBUSD_otc":{"time":1769857380,"open":823.28,"high":823.29,"low":823.15,"close":823.15},"CHFJPY_otc":{"time":1769857380,"open":199.073,"high":199.073,"low":199.073,"close":199.073},"DASUSD_otc":{"time":1769857380,"open":50.846,"high":50.848,"low":50.846,"close":50.848},"ETHUSD_otc":{"time":1769857380,"open":2638.15,"high":2638.15,"low":2638.06,"close":2638.06},"EURGBP_otc":{"time":1769857380,"open":0.86853,"high":0.86855,"low":0.86853,"close":0.86855},"EURNZD_otc":{"time":1769857380,"open":2.04753,"high":2.04759,"low":2.04753,"close":2.04759},"FLOUSD_otc":{"time":1769857380,"open":0.00004255,"high":0.00004255,"low":0.00004255,"close":0.00004255},"GBPUSD_otc":{"time":1769857380,"open":1.37735,"high":1.37735,"low":1.37735,"close":1.37735},"MANUSD_otc":{"time":1769857380,"open":0.0943,"high":0.0944,"low":0.0942,"close":0.0944},"MCD_otc":{"time":1769857380,"open":258.713,"high":258.719,"low":258.713,"close":258.714},"NZDUSD_otc":{"time":1769857380,"open":0.59879,"high":0.59879,"low":0.59863,"close":0.59863},"PFE_otc":{"time":1769857380,"open":33.799,"high":33.804,"low":33.799,"close":33.804},"SOLUSD_otc":{"time":1769857380,"open":103.39,"high":103.43,"low":103.37,"close":103.43},"TIAUSD_otc":{"time":1769857380,"open":0.40628,"high":0.40629,"low":0.40628,"close":0.40629},"TONUSD_otc":{"time":1769857380,"open":3.094,"high":3.094,"low":3.091,"close":3.091},"TRUUSD_otc":{"time":1769857380,"open":2.644,"high":2.644,"low":2.628,"close":2.628},"TRXUSD_otc":{"time":1769857380,"open":0.4002,"high":0.4006,"low":0.4002,"close":0.4006},"UKBrent_otc":{"time":1769857380,"open":51.024,"high":51.034,"low":51.024,"close":51.034},"USCrude_otc":{"time":1769857380,"open":47.676,"high":47.676,"low":47.672,"close":47.672},"USDARS_otc":{"time":1769857380,"open":1523.15,"high":1523.15,"low":1523.13,"close":1523.13},"USDBDT_otc":{"time":1769857380,"open":126.08,"high":126.08,"low":126.08,"close":126.08},"USDCAD_otc":{"time":1769857380,"open":1.35102,"high":1.35104,"low":1.35102,"close":1.35104},"USDCOP_otc":{"time":1769857380,"open":3669.83,"high":3669.85,"low":3669.83,"close":3669.85},"USDDZD_otc":{"time":1769857380,"open":254.629,"high":254.638,"low":254.629,"close":254.638},"USDEGP_otc":{"time":1769857380,"open":47.9952,"high":47.9952,"low":47.995,"close":47.995},"USDIDR_otc":{"time":1769857380,"open":16823.33,"high":16823.44,"low":16823.26,"close":16823.44},"USDINR_otc":{"time":1769857380,"open":94.9762,"high":94.9767,"low":94.976,"close":94.9767},"USDJPY_otc":{"time":1769857380,"open":158.711,"high":158.714,"low":158.708,"close":158.708},"USDMXN_otc":{"time":1769857380,"open":19.92327,"high":19.92329,"low":19.92327,"close":19.92329},"USDNGN_otc":{"time":1769857380,"open":1385.71,"high":1385.76,"low":1385.71,"close":1385.72},"USDPHP_otc":{"time":1769857380,"open":59.029,"high":59.033,"low":59.029,"close":59.033},"USDPKR_otc":{"time":1769857380,"open":290.872,"high":290.872,"low":290.871,"close":290.871},"USDTRY_otc":{"time":1769857380,"open":43.5308,"high":43.5308,"low":43.5303,"close":43.5303},"USDZAR_otc":{"time":1769857380,"open":14.84202,"high":14.84205,"low":14.84201,"close":14.84201},"XAGUSD_otc":{"time":1769857380,"open":112.0293,"high":112.0295,"low":112.029,"close":112.029},"ZECUSD_otc":{"time":1769857380,"open":76.79,"high":76.89,"low":76.79,"close":76.88},"USDCHF_otc":{"time":1769857380,"open":0.76853,"high":0.76853,"low":0.76851,"close":0.76852},"XAUUSD_otc":{"time":1769857380,"open":4928.982,"high":4928.982,"low":4928.979,"close":4